created_at,entry_id,field1,latitude,longitude,elevation,status
2023-11-21T03:43:14+03:00,1,"0.00r
",,,,
2023-11-21T03:43:31+03:00,2,"0.00r
",,,,
2023-11-21T03:43:48+03:00,3,"0.00r
",,,,
2023-11-21T03:44:05+03:00,4,"0.00r
",,,,
2023-11-21T03:44:22+03:00,5,"0.00r
",,,,
2023-11-21T03:44:38+03:00,6,"0.00r
",,,,
2023-11-21T03:44:54+03:00,7,"0.00r
",,,,
2023-11-21T03:45:11+03:00,8,"0.00r
",,,,
2023-11-21T03:45:27+03:00,9,"0.00r
",,,,
2023-11-21T03:45:44+03:00,10,"0.00r
",,,,
2023-11-21T03:46:00+03:00,11,"0.00r
",,,,
2023-11-21T03:46:17+03:00,12,"0.00r
",,,,
2023-11-21T03:46:33+03:00,13,"0.00r
",,,,
2023-11-21T03:46:50+03:00,14,"0.00r
",,,,
2023-11-21T03:47:06+03:00,15,"0.00r
",,,,
2023-11-21T03:47:21+03:00,16,"0.00r
",,,,
2023-11-21T03:47:38+03:00,17,"0.00r
",,,,
2023-11-21T03:47:55+03:00,18,"0.00r
",,,,
2023-11-21T03:48:14+03:00,19,"0.00r
",,,,
2023-11-21T03:48:31+03:00,20,"0.00r
",,,,
2023-11-21T03:48:47+03:00,21,"0.00r
",,,,
2023-11-21T03:49:04+03:00,22,"0.00r
",,,,
2023-11-21T03:49:19+03:00,23,"0.00r
",,,,
2023-11-21T03:49:35+03:00,24,"0.00r
",,,,
2023-11-21T03:49:52+03:00,25,"0.00r
",,,,
2023-11-21T03:50:08+03:00,26,"0.00r
",,,,
2023-11-21T03:50:25+03:00,27,"0.00r
",,,,
2023-11-21T03:50:42+03:00,28,"0.00r
",,,,
2023-11-21T03:50:57+03:00,29,"0.00r
",,,,
2023-11-21T03:51:13+03:00,30,"0.00r
",,,,
2023-11-21T03:51:30+03:00,31,"0.00r
",,,,
2023-11-21T03:51:46+03:00,32,"0.00r
",,,,
2023-11-21T03:52:03+03:00,33,"0.00r
",,,,
2023-11-21T03:52:19+03:00,34,"0.00r
",,,,
2023-11-21T03:52:36+03:00,35,"0.00r
",,,,
2023-11-21T03:52:52+03:00,36,"0.00r
",,,,
2023-11-21T03:53:09+03:00,37,"0.00r
",,,,
2023-11-21T03:53:25+03:00,38,"0.00r
",,,,
2023-11-21T03:53:42+03:00,39,"0.00r
",,,,
2023-11-21T03:53:57+03:00,40,"0.00r
",,,,
2023-11-21T03:54:14+03:00,41,"0.00r
",,,,
2023-11-21T03:54:30+03:00,42,"0.00r
",,,,
2023-11-21T03:54:47+03:00,43,"0.00r
",,,,
2023-11-21T03:55:05+03:00,44,"0.00r
",,,,
2023-11-21T03:55:21+03:00,45,"0.00r
",,,,
2023-11-21T03:55:38+03:00,46,"0.00r
",,,,
2023-11-21T03:55:54+03:00,47,"0.00r
",,,,
2023-11-21T03:56:11+03:00,48,"0.00r
",,,,
2023-11-21T03:56:27+03:00,49,"0.00r
",,,,
2023-11-21T03:56:44+03:00,50,"0.00r
",,,,
2023-11-21T03:57:00+03:00,51,"0.00r
",,,,
2023-11-21T03:57:17+03:00,52,"0.00r
",,,,
2023-11-21T03:57:33+03:00,53,"0.00r
",,,,
2023-11-21T03:57:50+03:00,54,"0.00r
",,,,
2023-11-21T03:58:07+03:00,55,"0.00r
",,,,
2023-11-21T03:58:23+03:00,56,"0.00r
",,,,
2023-11-21T03:58:40+03:00,57,"0.00r
",,,,
2023-11-21T03:58:56+03:00,58,"0.00r
",,,,
2023-11-21T03:59:13+03:00,59,"0.00r
",,,,
2023-11-21T03:59:29+03:00,60,"0.00r
",,,,
2023-11-21T04:00:06+03:00,61,"0.00r
",,,,
2023-11-21T04:00:23+03:00,62,"0.00r
",,,,
2023-11-21T04:00:39+03:00,63,"0.00r
",,,,
2023-11-21T04:00:56+03:00,64,"0.00r
",,,,
2023-11-21T04:01:12+03:00,65,"0.00r
",,,,
2023-11-21T04:01:29+03:00,66,"0.00r
",,,,
2023-11-21T04:01:45+03:00,67,"0.00r
",,,,
2023-11-21T04:02:02+03:00,68,"0.00r
",,,,
2023-11-21T04:02:19+03:00,69,"0.00r
",,,,
2023-11-21T04:02:36+03:00,70,"0.00r
",,,,
2023-11-21T04:02:52+03:00,71,"0.00r
",,,,
2023-11-21T04:03:09+03:00,72,"0.00r
",,,,
2023-11-21T04:03:24+03:00,73,"0.00r
",,,,
2023-11-21T04:03:40+03:00,74,"0.00r
",,,,
2023-11-21T04:03:57+03:00,75,"0.00r
",,,,
2023-11-21T04:04:14+03:00,76,"0.00r
",,,,
2023-11-21T04:04:29+03:00,77,"0.00r
",,,,
2023-11-21T04:04:45+03:00,78,"0.00r
",,,,
2023-11-21T04:05:02+03:00,79,"0.00r
",,,,
2023-11-21T04:05:18+03:00,80,"0.00r
",,,,
2023-11-21T04:05:34+03:00,81,"0.00r
",,,,
2023-11-21T04:05:50+03:00,82,"0.00r
",,,,
2023-11-21T04:06:07+03:00,83,"0.00r
",,,,
2023-11-21T04:06:23+03:00,84,"0.00r
",,,,
2023-11-21T04:06:40+03:00,85,"0.00r
",,,,
2023-11-21T04:06:56+03:00,86,"0.00r
",,,,
2023-11-21T04:07:13+03:00,87,"0.00r
",,,,
2023-11-21T04:07:28+03:00,88,"0.00r
",,,,
2023-11-21T04:07:45+03:00,89,"0.00r
",,,,
2023-11-21T04:08:01+03:00,90,"0.00r
",,,,
2023-11-21T04:08:18+03:00,91,"0.00r
",,,,
2023-11-21T04:08:35+03:00,92,"0.00r
",,,,
2023-11-21T04:08:51+03:00,93,"0.00r
",,,,
2023-11-21T04:09:08+03:00,94,"0.00r
",,,,
2023-11-21T04:09:25+03:00,95,"0.00r
",,,,
2023-11-21T04:09:40+03:00,96,"0.00r
",,,,
2023-11-21T04:09:56+03:00,97,"0.00r
",,,,
2023-11-21T04:10:12+03:00,98,"0.00r
",,,,
2023-11-21T04:10:29+03:00,99,"0.00r
",,,,
2023-11-21T04:10:45+03:00,100,"0.00r
",,,,
2023-11-21T04:11:02+03:00,101,"0.00r
",,,,
2023-11-21T04:11:18+03:00,102,"0.00r
",,,,
2023-11-21T04:11:35+03:00,103,"0.00r
",,,,
2023-11-21T04:11:51+03:00,104,"0.00r
",,,,
2023-11-21T04:12:08+03:00,105,"0.00r
",,,,
2023-11-21T04:12:24+03:00,106,"0.00r
",,,,
2023-11-21T04:12:41+03:00,107,"0.00r
",,,,
2023-11-21T04:12:57+03:00,108,"0.00r
",,,,
2023-11-21T04:13:14+03:00,109,"0.00r
",,,,
2023-11-21T04:13:30+03:00,110,"0.00r
",,,,
2023-11-21T04:13:45+03:00,111,"0.00r
",,,,
2023-11-21T04:14:02+03:00,112,"0.00r
",,,,
2023-11-21T04:14:18+03:00,113,"0.00r
",,,,
2023-11-21T04:14:35+03:00,114,"0.00r
",,,,
2023-11-21T04:14:51+03:00,115,"0.00r
",,,,
2023-11-21T04:15:08+03:00,116,"0.00r
",,,,
2023-11-21T04:15:24+03:00,117,"0.00r
",,,,
2023-11-21T04:15:41+03:00,118,"0.00r
",,,,
2023-11-21T04:15:57+03:00,119,"0.00r
",,,,
2023-11-21T04:16:14+03:00,120,"0.00r
",,,,
2023-11-21T04:16:30+03:00,121,"0.00r
",,,,
2023-11-21T04:16:47+03:00,122,"0.00r
",,,,
2023-11-21T04:17:03+03:00,123,"0.00r
",,,,
2023-11-21T04:17:20+03:00,124,"0.00r
",,,,
2023-11-21T04:17:37+03:00,125,"0.00r
",,,,
2023-11-21T04:17:54+03:00,126,"0.00r
",,,,
2023-11-21T04:18:10+03:00,127,"0.00r
",,,,
2023-11-21T04:18:26+03:00,128,"0.00r
",,,,
2023-11-21T04:18:43+03:00,129,"0.00r
",,,,
2023-11-21T04:19:00+03:00,130,"0.00r
",,,,
2023-11-21T04:19:16+03:00,131,"0.00r
",,,,
2023-11-21T04:19:33+03:00,132,"0.00r
",,,,
2023-11-21T04:19:49+03:00,133,"0.00r
",,,,
2023-11-21T04:20:06+03:00,134,"0.00r
",,,,
2023-11-21T04:20:22+03:00,135,"0.00r
",,,,
2023-11-21T04:20:39+03:00,136,"0.00r
",,,,
2023-11-21T04:20:55+03:00,137,"0.00r
",,,,
2023-11-21T04:21:10+03:00,138,"0.00r
",,,,
2023-11-21T04:21:25+03:00,139,"0.00r
",,,,
2023-11-21T04:21:42+03:00,140,"0.00r
",,,,
2023-11-21T04:21:58+03:00,141,"0.00r
",,,,
2023-11-21T04:22:20+03:00,142,"0.00r
",,,,
2023-11-21T04:22:37+03:00,143,"0.00r
",,,,
2023-11-21T04:22:53+03:00,144,"0.00r
",,,,
2023-11-21T04:23:15+03:00,145,"0.00r
",,,,
2023-11-21T04:23:31+03:00,146,"0.00r
",,,,
2023-11-21T04:23:48+03:00,147,"0.00r
",,,,
2023-11-21T04:24:04+03:00,148,"0.00r
",,,,
2023-11-21T04:24:21+03:00,149,"0.00r
",,,,
2023-11-21T04:24:38+03:00,150,"0.00r
",,,,
2023-11-21T04:24:54+03:00,151,"0.00r
",,,,
2023-11-21T04:25:11+03:00,152,"0.00r
",,,,
2023-11-21T04:25:27+03:00,153,"0.00r
",,,,
2023-11-21T04:25:44+03:00,154,"0.00r
",,,,
2023-11-21T04:25:59+03:00,155,"0.00r
",,,,
2023-11-21T04:26:18+03:00,156,"0.00r
",,,,
2023-11-21T04:26:34+03:00,157,"0.00r
",,,,
2023-11-21T04:26:51+03:00,158,"0.00r
",,,,
2023-11-21T04:27:06+03:00,159,"0.00r
",,,,
2023-11-21T04:27:22+03:00,160,"0.00r
",,,,
2023-11-21T04:27:38+03:00,161,"0.00r
",,,,
2023-11-21T04:27:55+03:00,162,"0.00r
",,,,
2023-11-21T04:28:12+03:00,163,"0.00r
",,,,
2023-11-21T04:28:28+03:00,164,"0.00r
",,,,
2023-11-21T04:28:45+03:00,165,"0.00r
",,,,
2023-11-21T04:29:01+03:00,166,"0.00r
",,,,
2023-11-21T04:29:18+03:00,167,"0.00r
",,,,
2023-11-21T04:29:35+03:00,168,"0.00r
",,,,
2023-11-21T04:35:37+03:00,169,"0r
",,,,
2023-11-21T04:35:53+03:00,170,"0r
",,,,
2023-11-21T04:36:10+03:00,171,"0r
",,,,
2023-11-21T04:36:26+03:00,172,"0r
",,,,
2023-11-21T04:36:43+03:00,173,"0r
",,,,
2023-11-21T04:37:01+03:00,174,"0r
",,,,
2023-11-21T04:37:18+03:00,175,"0r
",,,,
2023-11-21T04:37:48+03:00,176,"0r
",,,,
2023-11-21T04:38:04+03:00,177,"0r
",,,,
2023-11-21T04:38:20+03:00,178,"0r
",,,,
2023-11-21T04:38:37+03:00,179,"0r
",,,,
2023-11-21T04:38:54+03:00,180,"0r
",,,,
2023-11-21T04:39:10+03:00,181,"0r
",,,,
2023-11-21T04:39:27+03:00,182,"0r
",,,,
2023-11-21T04:39:46+03:00,183,"0r
",,,,
2023-11-21T04:40:02+03:00,184,"0r
",,,,
2023-11-21T04:40:19+03:00,185,"0r
",,,,
2023-11-21T04:40:35+03:00,186,"0r
",,,,
2023-11-21T04:40:52+03:00,187,"0r
",,,,
2023-11-21T04:41:08+03:00,188,"0r
",,,,
2023-11-21T04:41:25+03:00,189,"0r
",,,,
2023-11-21T04:41:41+03:00,190,"0r
",,,,
2023-11-21T04:41:59+03:00,191,"0r
",,,,
2023-11-21T04:42:15+03:00,192,"0r
",,,,
2023-11-21T04:42:32+03:00,193,"0r
",,,,
2023-11-21T04:42:48+03:00,194,"0r
",,,,
2023-11-21T04:43:07+03:00,195,"0r
",,,,
2023-11-21T04:43:24+03:00,196,"0r
",,,,
2023-11-21T04:43:41+03:00,197,"0r
",,,,
2023-11-21T04:43:57+03:00,198,"0r
",,,,
2023-11-21T04:44:15+03:00,199,"0r
",,,,
2023-11-21T04:44:33+03:00,200,"0r
",,,,
2023-11-21T04:44:50+03:00,201,"0r
",,,,
2023-11-21T04:45:06+03:00,202,"0r
",,,,
2023-11-21T04:45:23+03:00,203,"0r
",,,,
2023-11-21T04:45:40+03:00,204,"0r
",,,,
2023-11-21T04:45:57+03:00,205,"0r
",,,,
2023-11-21T04:46:14+03:00,206,"0r
",,,,
2023-11-21T04:50:56+03:00,207,"2080r
",,,,
2023-11-21T04:51:13+03:00,208,"2007r
",,,,
2023-11-21T04:51:29+03:00,209,"2043r
",,,,
2023-11-21T04:51:46+03:00,210,"1990r
",,,,
2023-11-21T04:52:03+03:00,211,"1931r
",,,,
2023-11-21T04:52:19+03:00,212,"2023r
",,,,
2023-11-21T04:52:36+03:00,213,"2130r
",,,,
2023-11-21T04:52:54+03:00,214,"2044r
",,,,
2023-11-21T04:53:10+03:00,215,"1955r
",,,,
2023-11-21T04:53:27+03:00,216,"1896r
",,,,
2023-11-21T04:53:43+03:00,217,"1860r
",,,,
2023-11-21T04:53:59+03:00,218,"1839r
",,,,
2023-11-21T04:54:16+03:00,219,"1812r
",,,,
2023-11-21T04:54:32+03:00,220,"1797r
",,,,
2023-11-21T04:54:49+03:00,221,"1783r
",,,,
2023-11-21T04:55:05+03:00,222,"1791r
",,,,
2023-11-21T04:55:22+03:00,223,"1991r
",,,,
2023-11-21T04:55:38+03:00,224,"2116r
",,,,
2023-11-21T04:55:54+03:00,225,"2020r
",,,,
2023-11-21T04:56:11+03:00,226,"1924r
",,,,
2023-11-21T04:56:27+03:00,227,"1871r
",,,,
2023-11-21T04:56:44+03:00,228,"1849r
",,,,
2023-11-21T04:57:01+03:00,229,"1831r
",,,,
2023-11-21T04:57:17+03:00,230,"1806r
",,,,
2023-11-21T04:57:34+03:00,231,"1788r
",,,,
2023-11-21T04:57:50+03:00,232,"1777r
",,,,
2023-11-21T04:58:06+03:00,233,"1767r
",,,,
2023-11-21T04:58:23+03:00,234,"1810r
",,,,
2023-11-21T04:58:39+03:00,235,"1868r
",,,,
2023-11-21T04:58:56+03:00,236,"1868r
",,,,
2023-11-21T04:59:12+03:00,237,"1851r
",,,,
2023-11-21T04:59:28+03:00,238,"1817r
",,,,
2023-11-21T04:59:45+03:00,239,"1802r
",,,,
2023-11-21T05:00:01+03:00,240,"1798r
",,,,
2023-11-21T05:00:17+03:00,241,"1771r
",,,,
2023-11-21T05:00:43+03:00,242,"1738r
",,,,
2023-11-21T05:00:59+03:00,243,"1734r
",,,,
2023-11-21T05:01:15+03:00,244,"1753r
",,,,
2023-11-21T05:01:32+03:00,245,"1774r
",,,,
2023-11-21T05:01:48+03:00,246,"1767r
",,,,
2023-11-21T05:02:05+03:00,247,"1777r
",,,,
2023-11-21T05:02:21+03:00,248,"1806r
",,,,
2023-11-21T05:02:38+03:00,249,"1824r
",,,,
2023-11-21T05:02:55+03:00,250,"1784r
",,,,
2023-11-21T05:03:11+03:00,251,"1762r
",,,,
2023-11-21T05:03:27+03:00,252,"1743r
",,,,
2023-11-21T05:03:44+03:00,253,"1739r
",,,,
2023-11-21T05:04:00+03:00,254,"1724r
",,,,
2023-11-21T05:04:16+03:00,255,"1727r
",,,,
2023-11-21T05:04:33+03:00,256,"1719r
",,,,
2023-11-21T05:04:49+03:00,257,"1718r
",,,,
2023-11-21T05:05:05+03:00,258,"1723r
",,,,
2023-11-21T05:05:21+03:00,259,"1733r
",,,,
2023-11-21T05:05:38+03:00,260,"1745r
",,,,
2023-11-21T05:05:55+03:00,261,"1763r
",,,,
2023-11-21T05:06:11+03:00,262,"1775r
",,,,
2023-11-21T05:06:28+03:00,263,"1751r
",,,,
2023-11-21T05:06:44+03:00,264,"1756r
",,,,
2023-11-21T05:07:00+03:00,265,"1756r
",,,,
2023-11-21T05:07:17+03:00,266,"1728r
",,,,
2023-11-21T05:07:33+03:00,267,"1716r
",,,,
2023-11-21T05:07:49+03:00,268,"1705r
",,,,
2023-11-21T05:08:06+03:00,269,"1697r
",,,,
2023-11-21T05:08:22+03:00,270,"1702r
",,,,
2023-11-21T05:08:38+03:00,271,"1707r
",,,,
2023-11-21T05:08:55+03:00,272,"1711r
",,,,
2023-11-21T05:09:11+03:00,273,"1722r
",,,,
2023-11-21T05:09:28+03:00,274,"1778r
",,,,
2023-11-21T05:09:44+03:00,275,"1830r
",,,,
2023-11-21T05:10:00+03:00,276,"1888r
",,,,
2023-11-21T05:10:17+03:00,277,"1879r
",,,,
2023-11-21T05:10:33+03:00,278,"1842r
",,,,
2023-11-21T05:10:49+03:00,279,"1801r
",,,,
2023-11-21T05:11:05+03:00,280,"1749r
",,,,
2023-11-21T05:11:22+03:00,281,"1730r
",,,,
2023-11-21T05:11:38+03:00,282,"1705r
",,,,
2023-11-21T05:11:54+03:00,283,"1706r
",,,,
2023-11-21T05:12:11+03:00,284,"1707r
",,,,
2023-11-21T05:12:32+03:00,285,"1719r
",,,,
2023-11-21T05:12:49+03:00,286,"1706r
",,,,
2023-11-21T05:13:05+03:00,287,"1710r
",,,,
2023-11-21T05:13:21+03:00,288,"1724r
",,,,
2023-11-21T05:13:38+03:00,289,"1736r
",,,,
2023-11-21T05:13:54+03:00,290,"1736r
",,,,
2023-11-21T05:14:10+03:00,291,"1733r
",,,,
2023-11-21T05:14:26+03:00,292,"1727r
",,,,
2023-11-21T05:14:43+03:00,293,"1701r
",,,,
2023-11-21T05:14:59+03:00,294,"1702r
",,,,
2023-11-21T05:15:15+03:00,295,"1700r
",,,,
2023-11-21T05:15:31+03:00,296,"1708r
",,,,
2023-11-21T05:15:48+03:00,297,"1813r
",,,,
2023-11-21T05:16:04+03:00,298,"2045r
",,,,
2023-11-21T05:16:21+03:00,299,"2185r
",,,,
2023-11-21T05:16:37+03:00,300,"2402r
",,,,
2023-11-21T05:16:53+03:00,301,"2549r
",,,,
2023-11-21T05:17:09+03:00,302,"2701r
",,,,
2023-11-21T05:17:26+03:00,303,"2751r
",,,,
2023-11-21T05:17:42+03:00,304,"2671r
",,,,
2023-11-21T05:17:58+03:00,305,"2519r
",,,,
2023-11-21T05:18:15+03:00,306,"2605r
",,,,
2023-11-21T05:18:31+03:00,307,"2829r
",,,,
2023-11-21T05:18:47+03:00,308,"2842r
",,,,
2023-11-21T05:19:03+03:00,309,"2638r
",,,,
2023-11-21T05:19:20+03:00,310,"2364r
",,,,
2023-11-21T05:19:37+03:00,311,"2223r
",,,,
2023-11-21T05:19:53+03:00,312,"2262r
",,,,
2023-11-21T05:20:09+03:00,313,"2417r
",,,,
2023-11-21T05:20:26+03:00,314,"2589r
",,,,
2023-11-21T05:20:42+03:00,315,"2648r
",,,,
2023-11-21T05:20:59+03:00,316,"2746r
",,,,
2023-11-21T05:21:15+03:00,317,"2607r
",,,,
2023-11-21T05:21:31+03:00,318,"2359r
",,,,
2023-11-21T05:21:48+03:00,319,"2157r
",,,,
2023-11-21T05:22:04+03:00,320,"2036r
",,,,
2023-11-21T05:22:20+03:00,321,"1916r
",,,,
2023-11-21T05:22:37+03:00,322,"1875r
",,,,
2023-11-21T05:22:53+03:00,323,"1893r
",,,,
2023-11-21T05:23:09+03:00,324,"1983r
",,,,
2023-11-21T05:23:26+03:00,325,"2101r
",,,,
2023-11-21T05:23:42+03:00,326,"2157r
",,,,
2023-11-21T05:23:58+03:00,327,"2202r
",,,,
2023-11-21T05:24:15+03:00,328,"2228r
",,,,
2023-11-21T05:24:31+03:00,329,"2171r
",,,,
2023-11-21T05:24:50+03:00,330,"2080r
",,,,
2023-11-21T05:25:06+03:00,331,"1940r
",,,,
2023-11-21T05:25:23+03:00,332,"1861r
",,,,
2023-11-21T05:25:39+03:00,333,"1808r
",,,,
2023-11-21T05:25:55+03:00,334,"1764r
",,,,
2023-11-21T05:26:11+03:00,335,"1741r
",,,,
2023-11-21T05:26:27+03:00,336,"1722r
",,,,
2023-11-21T05:26:44+03:00,337,"1698r
",,,,
2023-11-21T05:27:00+03:00,338,"1691r
",,,,
2023-11-21T05:27:17+03:00,339,"1723r
",,,,
2023-11-21T05:27:33+03:00,340,"1739r
",,,,
2023-11-21T05:27:52+03:00,341,"1729r
",,,,
2023-11-21T05:28:08+03:00,342,"1687r
",,,,
2023-11-21T05:28:24+03:00,343,"1677r
",,,,
2023-11-21T05:28:41+03:00,344,"1711r
",,,,
2023-11-21T05:28:57+03:00,345,"1740r
",,,,
2023-11-21T05:29:14+03:00,346,"1836r
",,,,
2023-11-21T05:29:30+03:00,347,"1907r
",,,,
2023-11-21T21:01:21+03:00,348,"633r
",,,,
2023-11-21T21:01:49+03:00,349,"706r
",,,,
2023-11-21T21:02:05+03:00,350,"715r
",,,,
2023-11-21T21:02:27+03:00,351,"715r
",,,,
2023-11-21T21:02:55+03:00,352,"701r
",,,,
2023-11-21T21:03:46+03:00,353,"705r
",,,,
2023-11-21T21:04:19+03:00,354,"692r
",,,,
2023-11-21T21:04:47+03:00,355,"691r
",,,,
2023-11-21T21:05:16+03:00,356,"695r
",,,,
2023-11-21T21:06:15+03:00,357,"684r
",,,,
2023-11-21T21:06:33+03:00,358,"692r
",,,,
2023-11-21T21:07:20+03:00,359,"676r
",,,,
2023-11-21T21:08:01+03:00,360,"695r
",,,,
2023-11-21T21:08:24+03:00,361,"692r
",,,,
2023-11-21T21:09:58+03:00,362,"718r
",,,,
2023-11-21T21:11:04+03:00,363,"808r
",,,,
2023-11-21T21:11:34+03:00,364,"749r
",,,,
2023-11-21T21:12:36+03:00,365,"684r
",,,,
2023-11-21T21:13:39+03:00,366,"671r
",,,,
2023-11-21T21:13:58+03:00,367,"691r
",,,,
2023-11-21T21:15:10+03:00,368,"716r
",,,,
2023-11-21T21:15:26+03:00,369,"710r
",,,,
2023-11-21T21:15:45+03:00,370,"708r
",,,,
2023-11-21T21:16:20+03:00,371,"710r
",,,,
2023-11-21T21:16:43+03:00,372,"708r
",,,,
2023-11-21T21:17:21+03:00,373,"703r
",,,,
2023-11-21T21:17:53+03:00,374,"693r
",,,,
2023-11-21T21:18:33+03:00,375,"688r
",,,,
2023-11-21T21:19:27+03:00,376,"688r
",,,,
2023-11-21T21:20:38+03:00,377,"682r
",,,,
2023-11-21T21:23:03+03:00,378,"676r
",,,,
2023-11-21T21:23:35+03:00,379,"668r
",,,,
2023-11-21T21:25:20+03:00,380,"656r
",,,,
2023-11-21T21:25:50+03:00,381,"662r
",,,,
2023-11-21T21:27:04+03:00,382,"667r
",,,,
2023-11-21T21:28:11+03:00,383,"649r
",,,,
2023-11-21T21:28:30+03:00,384,"646r
",,,,
2023-11-21T21:29:01+03:00,385,"638r
",,,,
2023-11-21T21:30:05+03:00,386,"634r
",,,,
2023-11-21T21:31:01+03:00,387,"620r
",,,,
2023-11-21T21:31:44+03:00,388,"624r
",,,,
2023-11-21T21:32:22+03:00,389,"621r
",,,,
2023-11-21T21:32:56+03:00,390,"617r
",,,,
2023-11-21T21:33:23+03:00,391,"618r
",,,,
2023-11-21T21:34:06+03:00,392,"611r
",,,,
2023-11-21T21:34:36+03:00,393,"611r
",,,,
2023-11-21T21:34:58+03:00,394,"620r
",,,,
2023-11-21T21:35:28+03:00,395,"675r
",,,,
2023-11-21T21:35:51+03:00,396,"773r
",,,,
2023-11-21T21:36:13+03:00,397,"804r
",,,,
2023-11-21T21:36:35+03:00,398,"885r
",,,,
2023-11-21T22:31:29+03:00,399,"1379r
",,,,
2023-11-21T22:31:46+03:00,400,"1367r
",,,,
2023-11-21T22:32:04+03:00,401,"1339r
",,,,
2023-11-21T22:32:57+03:00,402,"1318r
",,,,
2023-11-21T22:33:24+03:00,403,"1306r
",,,,
2023-11-21T22:33:51+03:00,404,"1332r
",,,,
2023-11-21T22:34:18+03:00,405,"1345r
",,,,
2023-11-21T22:34:46+03:00,406,"1364r
",,,,
2023-11-21T22:35:13+03:00,407,"1366r
",,,,
2023-11-21T22:35:40+03:00,408,"1359r
",,,,
2023-11-21T22:36:15+03:00,409,"1357r
",,,,
2023-11-21T22:36:58+03:00,410,"1575r
",,,,
2023-11-21T22:37:34+03:00,411,"1545r
",,,,
2023-11-21T22:37:55+03:00,412,"1487r
",,,,
2023-11-21T22:38:17+03:00,413,"1465r
",,,,
2023-11-21T22:38:37+03:00,414,"1434r
",,,,
2023-11-21T22:39:10+03:00,415,"1405r
",,,,
2023-11-21T22:39:50+03:00,416,"1401r
",,,,
2023-11-21T22:40:23+03:00,417,"1395r
",,,,
2023-11-21T22:40:56+03:00,418,"1370r
",,,,
2023-11-21T22:41:55+03:00,419,"1368r
",,,,
2023-11-21T22:42:21+03:00,420,"1395r
",,,,
2023-11-21T22:42:47+03:00,421,"1399r
",,,,
2023-11-21T22:43:50+03:00,422,"1405r
",,,,
2023-11-21T22:44:45+03:00,423,"1374r
",,,,
2023-11-21T22:45:09+03:00,424,"1382r
",,,,
2023-11-21T22:45:28+03:00,425,"1374r
",,,,
2023-11-21T22:45:59+03:00,426,"1360r
",,,,
2023-11-21T22:47:18+03:00,427,"1417r
",,,,
2023-11-21T22:48:35+03:00,428,"1364r
",,,,
2023-11-21T22:49:03+03:00,429,"1412r
",,,,
2023-11-21T22:49:35+03:00,430,"1445r
",,,,
2023-11-21T22:50:20+03:00,431,"1483r
",,,,
2023-11-21T22:50:50+03:00,432,"1498r
",,,,
2023-11-21T22:51:57+03:00,433,"1469r
",,,,
2023-11-21T22:52:13+03:00,434,"1463r
",,,,
2023-11-21T22:52:52+03:00,435,"1495r
",,,,
2023-11-21T22:53:19+03:00,436,"1484r
",,,,
2023-11-21T22:53:57+03:00,437,"1516r
",,,,
2023-11-21T22:54:13+03:00,438,"1516r
",,,,
2023-11-21T22:56:02+03:00,439,"1510r
",,,,
2023-11-21T22:56:24+03:00,440,"1499r
",,,,
2023-11-21T22:56:54+03:00,441,"1501r
",,,,
2023-11-21T22:57:23+03:00,442,"1524r
",,,,
2023-11-21T22:57:39+03:00,443,"1529r
",,,,
2023-11-21T22:58:25+03:00,444,"1508r
",,,,
2023-11-21T22:58:47+03:00,445,"1500r
",,,,
2023-11-21T22:59:57+03:00,446,"1516r
",,,,
2023-11-21T23:00:33+03:00,447,"1540r
",,,,
2023-11-21T23:01:11+03:00,448,"1552r
",,,,
2023-11-21T23:02:02+03:00,449,"1550r
",,,,
2023-11-21T23:02:49+03:00,450,"1546r
",,,,
2023-11-21T23:03:16+03:00,451,"1547r
",,,,
2023-11-21T23:03:52+03:00,452,"1542r
",,,,
2023-11-21T23:04:25+03:00,453,"1537r
",,,,
2023-11-21T23:05:13+03:00,454,"1510r
",,,,
2023-11-21T23:05:35+03:00,455,"1507r
",,,,
2023-11-21T23:05:51+03:00,456,"1498r
",,,,
2023-11-21T23:06:38+03:00,457,"1485r
",,,,
2023-11-21T23:07:05+03:00,458,"1490r
",,,,
2023-11-21T23:07:59+03:00,459,"1485r
",,,,
2023-11-21T23:08:44+03:00,460,"1466r
",,,,
2023-11-21T23:09:21+03:00,461,"1460r
",,,,
2023-11-21T23:09:53+03:00,462,"1455r
",,,,
2023-11-21T23:10:17+03:00,463,"1451r
",,,,
2023-11-21T23:10:44+03:00,464,"1403r
",,,,
2023-11-21T23:11:09+03:00,465,"1397r
",,,,
2023-11-21T23:11:43+03:00,466,"1425r
",,,,
2023-11-21T23:12:05+03:00,467,"1404r
",,,,
2023-11-21T23:12:27+03:00,468,"1399r
",,,,
2023-11-21T23:12:55+03:00,469,"1412r
",,,,
2023-11-21T23:13:13+03:00,470,"1410r
",,,,
2023-11-21T23:13:47+03:00,471,"1400r
",,,,
2023-11-21T23:14:09+03:00,472,"1415r
",,,,
2023-11-21T23:14:30+03:00,473,"1407r
",,,,
2023-11-21T23:15:55+03:00,474,"1398r
",,,,
2023-11-21T23:16:14+03:00,475,"1411r
",,,,
2023-11-21T23:16:44+03:00,476,"1422r
",,,,
2023-11-21T23:17:26+03:00,477,"1440r
",,,,
2023-11-21T23:17:47+03:00,478,"1445r
",,,,
2023-11-21T23:18:09+03:00,479,"1448r
",,,,
2023-11-21T23:18:30+03:00,480,"1442r
",,,,
2023-11-21T23:18:49+03:00,481,"1440r
",,,,
2023-11-21T23:19:19+03:00,482,"1449r
",,,,
2023-11-21T23:19:53+03:00,483,"1446r
",,,,
2023-11-21T23:20:15+03:00,484,"1451r
",,,,
2023-11-21T23:20:59+03:00,485,"1441r
",,,,
2023-11-21T23:21:34+03:00,486,"1445r
",,,,
2023-11-21T23:22:19+03:00,487,"1466r
",,,,
2023-11-21T23:23:13+03:00,488,"1449r
",,,,
2023-11-21T23:23:58+03:00,489,"1446r
",,,,
2023-11-21T23:24:17+03:00,490,"1443r
",,,,
2023-11-21T23:24:46+03:00,491,"1434r
",,,,
2023-11-21T23:25:19+03:00,492,"1446r
",,,,
2023-11-21T23:25:46+03:00,493,"1451r
",,,,
2023-11-21T23:26:33+03:00,494,"1464r
",,,,
2023-11-21T23:27:00+03:00,495,"1451r
",,,,
2023-11-21T23:27:19+03:00,496,"1441r
",,,,
2023-11-21T23:28:39+03:00,497,"1436r
",,,,
2023-11-21T23:29:09+03:00,498,"1440r
",,,,
2023-11-21T23:29:39+03:00,499,"1440r
",,,,
2023-11-21T23:30:22+03:00,500,"1440r
",,,,
2023-11-21T23:30:50+03:00,501,"1440r
",,,,
2023-11-21T23:31:09+03:00,502,"1436r
",,,,
2023-11-21T23:32:17+03:00,503,"1435r
",,,,
2023-11-21T23:32:47+03:00,504,"1430r
",,,,
2023-11-21T23:33:29+03:00,505,"1414r
",,,,
2023-11-21T23:33:48+03:00,506,"1442r
",,,,
2023-11-21T23:34:16+03:00,507,"1455r
",,,,
2023-11-21T23:35:32+03:00,508,"1457r
",,,,
2023-11-21T23:36:30+03:00,509,"1467r
",,,,
2023-11-21T23:36:57+03:00,510,"1465r
",,,,
2023-11-21T23:37:27+03:00,511,"1458r
",,,,
2023-11-21T23:37:56+03:00,512,"1481r
",,,,
2023-11-21T23:38:26+03:00,513,"1474r
",,,,
2023-11-21T23:38:45+03:00,514,"1483r
",,,,
2023-11-21T23:39:06+03:00,515,"1493r
",,,,
2023-11-21T23:40:22+03:00,516,"1473r
",,,,
2023-11-21T23:41:53+03:00,517,"1434r
",,,,
2023-11-21T23:42:20+03:00,518,"1441r
",,,,
2023-11-21T23:42:54+03:00,519,"1424r
",,,,
2023-11-21T23:43:16+03:00,520,"1427r
",,,,
2023-11-21T23:43:35+03:00,521,"1438r
",,,,
2023-11-21T23:44:08+03:00,522,"1454r
",,,,
2023-11-21T23:44:27+03:00,523,"1464r
",,,,
2023-11-21T23:45:23+03:00,524,"1443r
",,,,
2023-11-21T23:45:59+03:00,525,"1465r
",,,,
2023-11-21T23:46:24+03:00,526,"1447r
",,,,
2023-11-21T23:46:43+03:00,527,"1438r
",,,,
2023-11-21T23:47:13+03:00,528,"1439r
",,,,
2023-11-21T23:47:38+03:00,529,"1408r
",,,,
2023-11-21T23:47:57+03:00,530,"1402r
",,,,
2023-11-21T23:48:13+03:00,531,"1414r
",,,,
2023-11-21T23:49:17+03:00,532,"1408r
",,,,
2023-11-21T23:49:44+03:00,533,"1419r
",,,,
2023-11-21T23:50:25+03:00,534,"1399r
",,,,
2023-11-21T23:51:03+03:00,535,"1418r
",,,,
2023-11-21T23:51:33+03:00,536,"1421r
",,,,
2023-11-21T23:52:00+03:00,537,"1420r
",,,,
2023-11-21T23:52:19+03:00,538,"1423r
",,,,
2023-11-21T23:52:40+03:00,539,"1425r
",,,,
2023-11-21T23:53:02+03:00,540,"1423r
",,,,
2023-11-21T23:53:35+03:00,541,"1421r
",,,,
2023-11-21T23:54:20+03:00,542,"1407r
",,,,
2023-11-21T23:55:45+03:00,543,"1413r
",,,,
2023-11-21T23:56:14+03:00,544,"1423r
",,,,
2023-11-21T23:56:53+03:00,545,"1418r
",,,,
2023-11-21T23:57:15+03:00,546,"1411r
",,,,
2023-11-21T23:58:43+03:00,547,"1422r
",,,,
2023-11-21T23:59:00+03:00,548,"1424r
",,,,
2023-11-21T23:59:21+03:00,549,"1432r
",,,,
2023-11-21T23:59:56+03:00,550,"1435r
",,,,
2023-11-22T00:00:26+03:00,551,"1428r
",,,,
2023-11-22T00:01:01+03:00,552,"1446r
",,,,
2023-11-22T00:01:30+03:00,553,"1444r
",,,,
2023-11-22T00:02:16+03:00,554,"1449r
",,,,
2023-11-22T00:02:51+03:00,555,"1455r
",,,,
2023-11-22T00:03:32+03:00,556,"1450r
",,,,
2023-11-22T00:03:59+03:00,557,"1443r
",,,,
2023-11-22T00:04:23+03:00,558,"1429r
",,,,
2023-11-22T00:05:33+03:00,559,"1427r
",,,,
2023-11-22T00:05:50+03:00,560,"1410r
",,,,
2023-11-22T00:06:17+03:00,561,"1410r
",,,,
2023-11-22T00:06:44+03:00,562,"1406r
",,,,
2023-11-22T00:07:08+03:00,563,"1433r
",,,,
2023-11-22T00:07:51+03:00,564,"1422r
",,,,
2023-11-22T00:08:21+03:00,565,"1425r
",,,,
2023-11-22T00:09:23+03:00,566,"1436r
",,,,
2023-11-22T00:09:50+03:00,567,"1428r
",,,,
2023-11-22T00:10:11+03:00,568,"1414r
",,,,
2023-11-22T00:10:33+03:00,569,"1398r
",,,,
2023-11-22T00:11:30+03:00,570,"1375r
",,,,
2023-11-22T00:11:49+03:00,571,"1379r
",,,,
2023-11-22T00:13:34+03:00,572,"1381r
",,,,
2023-11-22T00:14:12+03:00,573,"1373r
",,,,
2023-11-22T00:14:33+03:00,574,"1401r
",,,,
2023-11-22T00:14:49+03:00,575,"1401r
",,,,
2023-11-22T00:15:11+03:00,576,"1418r
",,,,
2023-11-22T00:15:50+03:00,577,"1434r
",,,,
2023-11-22T00:16:06+03:00,578,"1437r
",,,,
2023-11-22T00:16:28+03:00,579,"1430r
",,,,
2023-11-22T00:17:05+03:00,580,"1427r
",,,,
2023-11-22T06:52:29+03:00,581,"1323r
",,,,
2023-11-22T06:52:46+03:00,582,"1318r
",,,,
2023-11-22T06:53:07+03:00,583,"1322r
",,,,
2023-11-22T06:53:24+03:00,584,"1318r
",,,,
2023-11-22T06:53:40+03:00,585,"1326r
",,,,
2023-11-22T06:53:56+03:00,586,"1328r
",,,,
2023-11-22T06:54:12+03:00,587,"1322r
",,,,
2023-11-22T06:54:29+03:00,588,"1320r
",,,,
2023-11-22T06:54:45+03:00,589,"1341r
",,,,
2023-11-22T06:55:02+03:00,590,"1345r
",,,,
2023-11-22T06:55:18+03:00,591,"1333r
",,,,
2023-11-22T06:55:34+03:00,592,"1335r
",,,,
2023-11-22T06:55:50+03:00,593,"1345r
",,,,
2023-11-22T06:56:07+03:00,594,"1329r
",,,,
2023-11-22T06:56:23+03:00,595,"1331r
",,,,
2023-11-22T06:56:39+03:00,596,"1335r
",,,,
2023-11-22T06:56:58+03:00,597,"1333r
",,,,
2023-11-22T06:57:14+03:00,598,"1335r
",,,,
2023-11-22T06:57:31+03:00,599,"1349r
",,,,
2023-11-22T06:57:47+03:00,600,"1335r
",,,,
2023-11-22T06:58:03+03:00,601,"1320r
",,,,
2023-11-22T06:58:20+03:00,602,"1325r
",,,,
2023-11-22T06:58:36+03:00,603,"1331r
",,,,
2023-11-22T06:58:53+03:00,604,"1329r
",,,,
2023-11-22T06:59:09+03:00,605,"1339r
",,,,
2023-11-22T06:59:25+03:00,606,"1335r
",,,,
2023-11-22T06:59:42+03:00,607,"1339r
",,,,
2023-11-22T06:59:58+03:00,608,"1346r
",,,,
2023-11-22T07:00:14+03:00,609,"1333r
",,,,
2023-11-22T07:00:31+03:00,610,"1346r
",,,,
2023-11-22T07:00:47+03:00,611,"1353r
",,,,
2023-11-22T07:01:03+03:00,612,"1345r
",,,,
2023-11-22T07:01:20+03:00,613,"1349r
",,,,
2023-11-22T07:01:36+03:00,614,"1352r
",,,,
2023-11-22T07:01:53+03:00,615,"1348r
",,,,
2023-11-22T07:02:09+03:00,616,"1341r
",,,,
2023-11-22T07:02:25+03:00,617,"1341r
",,,,
2023-11-22T07:02:42+03:00,618,"1349r
",,,,
2023-11-22T07:02:58+03:00,619,"1345r
",,,,
2023-11-22T07:03:14+03:00,620,"1342r
",,,,
2023-11-22T07:03:30+03:00,621,"1346r
",,,,
2023-11-22T07:03:47+03:00,622,"1347r
",,,,
2023-11-22T07:04:03+03:00,623,"1342r
",,,,
2023-11-22T07:04:19+03:00,624,"1337r
",,,,
2023-11-22T07:04:36+03:00,625,"1337r
",,,,
2023-11-22T07:04:52+03:00,626,"1331r
",,,,
2023-11-22T07:05:09+03:00,627,"1331r
",,,,
2023-11-22T07:05:25+03:00,628,"1330r
",,,,
2023-11-22T07:05:41+03:00,629,"1334r
",,,,
2023-11-22T13:29:34+03:00,630,"885r
",,,,
2023-11-22T13:29:50+03:00,631,"937r
",,,,
2023-11-22T13:30:05+03:00,632,"1189r
",,,,
2023-11-22T13:30:20+03:00,633,"1213r
",,,,
2023-11-22T13:30:36+03:00,634,"1118r
",,,,
2023-11-22T13:30:51+03:00,635,"1022r
",,,,
2023-11-22T13:31:07+03:00,636,"979r
",,,,
2023-11-22T13:31:22+03:00,637,"1013r
",,,,
2023-11-22T13:31:38+03:00,638,"989r
",,,,
2023-11-22T13:31:53+03:00,639,"920r
",,,,
2023-11-22T13:32:09+03:00,640,"853r
",,,,
2023-11-22T13:32:24+03:00,641,"830r
",,,,
2023-11-22T13:32:40+03:00,642,"834r
",,,,
2023-11-22T13:32:55+03:00,643,"821r
",,,,
2023-11-22T13:33:10+03:00,644,"814r
",,,,
2023-11-22T13:33:26+03:00,645,"866r
",,,,
2023-11-22T13:33:42+03:00,646,"915r
",,,,
2023-11-22T13:33:57+03:00,647,"922r
",,,,
2023-11-22T13:34:13+03:00,648,"906r
",,,,
2023-11-22T13:34:28+03:00,649,"869r
",,,,
2023-11-22T13:34:44+03:00,650,"836r
",,,,
2023-11-22T13:35:00+03:00,651,"880r
",,,,
2023-11-22T13:35:15+03:00,652,"965r
",,,,
2023-11-22T13:35:31+03:00,653,"1077r
",,,,
2023-11-22T13:35:46+03:00,654,"1106r
",,,,
2023-11-22T13:36:02+03:00,655,"1049r
",,,,
2023-11-22T13:36:17+03:00,656,"1040r
",,,,
2023-11-22T13:36:33+03:00,657,"1014r
",,,,
2023-11-22T13:36:49+03:00,658,"1029r
",,,,
2023-11-22T13:37:10+03:00,659,"1073r
",,,,
2023-11-22T13:37:26+03:00,660,"1199r
",,,,
2023-11-22T13:37:41+03:00,661,"1358r
",,,,
2023-11-22T13:38:02+03:00,662,"1395r
",,,,
2023-11-22T13:38:17+03:00,663,"1443r
",,,,
2023-11-22T13:38:33+03:00,664,"1525r
",,,,
2023-11-22T13:38:48+03:00,665,"1546r
",,,,
2023-11-22T13:39:04+03:00,666,"1426r
",,,,
2023-11-22T13:39:20+03:00,667,"1240r
",,,,
2023-11-22T13:39:41+03:00,668,"1129r
",,,,
2023-11-22T13:39:56+03:00,669,"1021r
",,,,
2023-11-22T13:40:11+03:00,670,"939r
",,,,
2023-11-22T13:40:27+03:00,671,"881r
",,,,
2023-11-22T13:40:43+03:00,672,"849r
",,,,
2023-11-22T13:40:58+03:00,673,"826r
",,,,
2023-11-22T13:41:14+03:00,674,"804r
",,,,
2023-11-22T13:41:29+03:00,675,"787r
",,,,
2023-11-22T13:41:45+03:00,676,"799r
",,,,
2023-11-22T13:42:01+03:00,677,"813r
",,,,
2023-11-22T13:42:16+03:00,678,"832r
",,,,
2023-11-22T13:42:32+03:00,679,"813r
",,,,
2023-11-22T13:42:48+03:00,680,"811r
",,,,
2023-11-22T13:43:03+03:00,681,"867r
",,,,
2023-11-22T13:43:19+03:00,682,"878r
",,,,
2023-11-22T13:43:34+03:00,683,"884r
",,,,
2023-11-22T13:43:51+03:00,684,"875r
",,,,
2023-11-22T13:44:06+03:00,685,"832r
",,,,
2023-11-22T13:44:22+03:00,686,"845r
",,,,
2023-11-22T13:44:38+03:00,687,"867r
",,,,
2023-11-22T13:44:54+03:00,688,"873r
",,,,
2023-11-22T13:45:09+03:00,689,"841r
",,,,
2023-11-22T13:45:25+03:00,690,"811r
",,,,
2023-11-22T13:45:40+03:00,691,"804r
",,,,
2023-11-22T13:45:56+03:00,692,"795r
",,,,
2023-11-22T13:46:12+03:00,693,"823r
",,,,
2023-11-22T13:46:28+03:00,694,"865r
",,,,
2023-11-22T13:46:44+03:00,695,"936r
",,,,
2023-11-22T13:47:00+03:00,696,"1009r
",,,,
2023-11-22T13:47:16+03:00,697,"1073r
",,,,
2023-11-23T18:29:08+03:00,698,"1189r
",,,,
2023-11-23T18:29:24+03:00,699,"1348r
",,,,
2023-11-23T18:29:40+03:00,700,"1384r
",,,,
2023-11-23T18:29:57+03:00,701,"1297r
",,,,
2023-11-23T18:30:13+03:00,702,"1246r
",,,,
2023-11-23T18:30:30+03:00,703,"1221r
",,,,
2023-11-23T18:30:46+03:00,704,"1256r
",,,,
2023-11-23T18:31:03+03:00,705,"1247r
",,,,
2023-11-23T18:31:19+03:00,706,"1192r
",,,,
2023-11-23T18:31:36+03:00,707,"1154r
",,,,
2023-11-23T18:31:53+03:00,708,"1114r
",,,,
2023-11-23T18:32:09+03:00,709,"1113r
",,,,
2023-11-23T18:32:31+03:00,710,"1137r
",,,,
2023-11-23T18:32:47+03:00,711,"1122r
",,,,
2023-11-23T18:33:04+03:00,712,"1101r
",,,,
2023-11-23T18:33:20+03:00,713,"1090r
",,,,
2023-11-23T18:33:36+03:00,714,"1046r
",,,,
2023-11-23T18:33:53+03:00,715,"1009r
",,,,
2023-11-23T18:34:09+03:00,716,"973r
",,,,
2023-11-23T18:34:26+03:00,717,"958r
",,,,
2023-11-23T18:34:50+03:00,718,"1090r
",,,,
2023-11-23T18:35:07+03:00,719,"1222r
",,,,
2023-11-23T18:35:24+03:00,720,"1190r
",,,,
2023-11-23T18:35:41+03:00,721,"1097r
",,,,
2023-11-23T18:35:58+03:00,722,"1017r
",,,,
2023-11-23T18:36:17+03:00,723,"984r
",,,,
2023-11-23T18:36:34+03:00,724,"978r
",,,,
2023-11-23T18:36:50+03:00,725,"968r
",,,,
2023-11-23T18:37:06+03:00,726,"961r
",,,,
2023-11-23T18:37:23+03:00,727,"957r
",,,,
2023-11-23T18:37:39+03:00,728,"962r
",,,,
2023-11-23T18:37:56+03:00,729,"994r
",,,,
2023-11-23T18:38:12+03:00,730,"980r
",,,,
2023-11-23T18:38:29+03:00,731,"973r
",,,,
2023-11-23T18:38:45+03:00,732,"974r
",,,,
2023-11-23T18:39:02+03:00,733,"1005r
",,,,
2023-11-23T18:39:18+03:00,734,"1011r
",,,,
2023-11-23T18:39:34+03:00,735,"984r
",,,,
2023-11-23T18:39:51+03:00,736,"971r
",,,,
2023-11-23T18:40:07+03:00,737,"992r
",,,,
2023-11-23T18:40:23+03:00,738,"987r
",,,,
2023-11-23T18:40:40+03:00,739,"977r
",,,,
2023-11-23T18:40:56+03:00,740,"974r
",,,,
2023-11-23T18:41:12+03:00,741,"958r
",,,,
2023-11-23T18:41:29+03:00,742,"937r
",,,,
2023-11-23T18:41:46+03:00,743,"932r
",,,,
2023-11-23T18:42:04+03:00,744,"933r
",,,,
2023-11-23T18:42:28+03:00,745,"937r
",,,,
2023-11-23T18:42:44+03:00,746,"952r
",,,,
2023-11-23T18:43:00+03:00,747,"998r
",,,,
2023-11-23T18:43:17+03:00,748,"1031r
",,,,
2023-11-23T18:43:33+03:00,749,"1060r
",,,,
2023-11-23T18:43:49+03:00,750,"1071r
",,,,
2023-11-23T18:44:07+03:00,751,"1075r
",,,,
2023-11-23T18:44:24+03:00,752,"1218r
",,,,
2023-11-23T18:44:42+03:00,753,"1339r
",,,,
2023-11-23T18:44:59+03:00,754,"1311r
",,,,
2023-11-23T18:45:15+03:00,755,"1254r
",,,,
2023-11-23T18:45:34+03:00,756,"1204r
",,,,
2023-11-23T18:45:50+03:00,757,"1159r
",,,,
2023-11-23T18:46:08+03:00,758,"1093r
",,,,
2023-11-23T18:46:24+03:00,759,"1135r
",,,,
2023-11-23T18:46:41+03:00,760,"1316r
",,,,
2023-11-23T18:46:57+03:00,761,"1475r
",,,,
2023-11-23T18:47:14+03:00,762,"1699r
",,,,
2023-11-23T18:47:31+03:00,763,"1734r
",,,,
2023-11-23T18:47:47+03:00,764,"1744r
",,,,
2023-11-23T18:48:03+03:00,765,"1759r
",,,,
2023-11-23T18:48:20+03:00,766,"1641r
",,,,
2023-11-23T18:48:39+03:00,767,"1450r
",,,,
2023-11-23T18:48:55+03:00,768,"1290r
",,,,
2023-11-23T18:49:12+03:00,769,"1191r
",,,,
2023-11-23T18:49:29+03:00,770,"1130r
",,,,
2023-11-23T18:49:45+03:00,771,"1104r
",,,,
2023-11-23T18:50:01+03:00,772,"1102r
",,,,
2023-11-23T18:50:18+03:00,773,"1101r
",,,,
2023-11-23T18:50:40+03:00,774,"1127r
",,,,
2023-11-23T18:50:56+03:00,775,"1171r
",,,,
2023-11-23T18:51:13+03:00,776,"1152r
",,,,
2023-11-23T18:51:30+03:00,777,"1098r
",,,,
2023-11-23T18:51:47+03:00,778,"1064r
",,,,
2023-11-23T18:52:08+03:00,779,"1085r
",,,,
2023-11-23T18:52:25+03:00,780,"1089r
",,,,
2023-11-23T18:52:41+03:00,781,"1085r
",,,,
2023-11-23T18:52:58+03:00,782,"1118r
",,,,
2023-11-23T18:53:20+03:00,783,"1203r
",,,,
2023-11-23T18:53:36+03:00,784,"1223r
",,,,
2023-11-23T18:53:53+03:00,785,"1191r
",,,,
2023-11-23T18:54:09+03:00,786,"1131r
",,,,
2023-11-23T18:54:28+03:00,787,"1102r
",,,,
2023-11-23T18:54:45+03:00,788,"1065r
",,,,
2023-11-23T18:55:01+03:00,789,"1034r
",,,,
2023-11-23T18:55:17+03:00,790,"1019r
",,,,
2023-11-23T18:55:34+03:00,791,"1002r
",,,,
2023-11-23T18:55:50+03:00,792,"999r
",,,,
2023-11-23T19:27:24+03:00,793,"1531r
",,,,
2023-11-23T19:27:40+03:00,794,"1538r
",,,,
2023-11-23T19:27:58+03:00,795,"1586r
",,,,
2023-11-23T19:28:14+03:00,796,"1613r
",,,,
2023-11-23T19:28:32+03:00,797,"1585r
",,,,
2023-11-23T19:28:51+03:00,798,"1585r
",,,,
2023-11-23T19:29:11+03:00,799,"1585r
",,,,
2023-11-23T19:29:26+03:00,800,"1585r
",,,,
2023-11-23T19:29:45+03:00,801,"1585r
",,,,
2023-11-23T19:30:05+03:00,802,"1585r
",,,,
2023-11-23T19:30:24+03:00,803,"1585r
",,,,
2023-11-23T19:30:43+03:00,804,"1585r
",,,,
2023-11-23T19:31:03+03:00,805,"1585r
",,,,
2023-11-23T19:31:23+03:00,806,"1585r
",,,,
2023-11-23T19:31:42+03:00,807,"1585r
",,,,
2023-11-23T19:32:02+03:00,808,"1585r
",,,,
2023-11-23T19:32:22+03:00,809,"1585r
",,,,
2023-11-23T19:32:53+03:00,810,"1585r
",,,,
2023-11-23T19:33:10+03:00,811,"1585r
",,,,
2023-11-23T19:33:25+03:00,812,"1585r
",,,,
2023-11-23T19:34:04+03:00,813,"1585r
",,,,
2023-11-23T19:34:32+03:00,814,"1585r
",,,,
2023-11-23T19:34:51+03:00,815,"1585r
",,,,
2023-11-23T19:35:22+03:00,816,"1585r
",,,,
2023-11-23T19:35:59+03:00,817,"1585r
",,,,
2023-11-23T19:36:25+03:00,818,"1585r
",,,,
2023-11-23T19:36:44+03:00,819,"1585r
",,,,
2023-11-23T19:37:17+03:00,820,"1585r
",,,,
2023-11-23T19:37:39+03:00,821,"1585r
",,,,
2023-11-23T19:37:58+03:00,822,"1585r
",,,,
2023-11-23T19:38:17+03:00,823,"1585r
",,,,
2023-11-23T19:38:39+03:00,824,"1585r
",,,,
2023-11-23T19:38:58+03:00,825,"1585r
",,,,
2023-11-23T19:39:26+03:00,826,"1585r
",,,,
2023-11-23T19:39:46+03:00,827,"1585r
",,,,
2023-11-23T19:40:05+03:00,828,"1585r
",,,,
2023-11-23T19:40:24+03:00,829,"1585r
",,,,
2023-11-23T19:40:39+03:00,830,"1585r
",,,,
2023-11-23T19:41:11+03:00,831,"1585r
",,,,
2023-11-23T19:41:28+03:00,832,"1585r
",,,,
2023-11-23T19:41:46+03:00,833,"1585r
",,,,
2023-11-23T19:42:02+03:00,834,"1585r
",,,,
2023-11-23T19:42:23+03:00,835,"1585r
",,,,
2023-11-23T19:42:52+03:00,836,"1585r
",,,,
2023-11-23T19:43:19+03:00,837,"1585r
",,,,
2023-11-23T19:43:37+03:00,838,"1585r
",,,,
2023-11-23T19:44:04+03:00,839,"1585r
",,,,
2023-11-24T10:24:17+03:00,840,"0r
",,,,
2023-11-24T10:24:35+03:00,841,"500r
",,,,
2023-11-24T10:24:54+03:00,842,"500r
",,,,
2023-11-24T10:25:10+03:00,843,"1981r
",,,,
2023-11-24T10:25:27+03:00,844,"2549r
",,,,
2023-11-24T10:25:43+03:00,845,"2082r
",,,,
2023-11-24T10:25:59+03:00,846,"1686r
",,,,
2023-11-24T10:26:16+03:00,847,"1345r
",,,,
